INSERT INTO public.podcasts (id, title, description, publisher, "itunesId", "genreIds", image) VALUES ('173395544c20495384f7b8800cd945db', 'AMERICA''S DOCTOR: The Dr. Oz Podcast', '', 'iHeartRadio', '1387919501', '90,88', '');
INSERT INTO public.podcasts (id, title, description, publisher, "itunesId", "genreIds", image) VALUES ('2bf3913bb6be49b68e44ed118705a6a2', 'Jordan Peterson Interviews & Speeches', 'Full-length interviews, debates, Q&amp;A''s, and speeches by Jordan Peterson. Dr. Jordan B. Peterson is a professor of psychology at the University of Toronto, a clinical psychologist and the author of', 'Lobster Chronicles', '1480955787', '181,111', 'https://cdn-images-1.listennotes.com/podcasts/jordan-peterson-interviews-speeches-i4yoSAHJ_0h-zL79-xQV8rK.300x300.jpg');
INSERT INTO public.podcasts (id, title, description, publisher, "itunesId", "genreIds", image) VALUES ('be87cf0d680f4b9c8027957cabe31876', 'Three Devs and a Maybe', 'Join us each week as we discuss all things software development. Frequently joined by a far more intelligent guest on the show''s topic, we by no means know everything, but love what we do. Topics rang', 'Michael Budd, Fraser Hart, Lewis Cains, Edd Mann', '729464185', '82,111,127,131', 'https://cdn-images-1.listennotes.com/podcasts/three-devs-and-a-maybe-michael-budd-fraser-NQgsOxb0vhq.300x300.jpg');
INSERT INTO public.podcasts (id, title, description, publisher, "itunesId", "genreIds", image) VALUES ('721f1a02bae24dd1a211b252ca15b729', 'CaSE: Conversations about Software Engineering', 'Conversations about Software Engineering (CaSE) is an interview podcast for software developers and architects about Software Engineering and related topics. We release a new episode every three weeks', 'CaSE Podcast Team', '1213708671', '127', 'https://cdn-images-1.listennotes.com/podcasts/case-conversations-about-software-mTt4pUKrQ8R.300x300.jpg');
INSERT INTO public.podcasts (id, title, description, publisher, "itunesId", "genreIds", image) VALUES ('bf8563eceb8e4020934fbf803bf6dbab', 'Money For the Rest of Us', '
      <p>A personal finance and investing podcast on money, how it works, how to invest it and how to live without worrying about it. J. David Stein is a former Chief Investment Strategist and money ', 'J. David Stein ', '883011006', '144,98,111,93', 'https://cdn-images-1.listennotes.com/podcasts/money-for-the-rest-of-us-j-david-stein-laEjMfJV-k1.300x300.jpg');
INSERT INTO public.podcasts (id, title, description, publisher, "itunesId", "genreIds", image) VALUES ('0a7e5ce176e24a3a9a5b29f2d968813d', 'The Prof G Show with Scott Galloway ', 'We live in a winner-take-all economy that’s bifurcating into those who are part of the innovation economy and those who aren’t. Every week best-selling author, professor and entrepreneur Scott Gallowa', 'Section 4 / Westwood One Podcast Network', '1498802610', '171,93,94', 'https://cdn-images-1.listennotes.com/podcasts/the-prof-g-show-with-scott-galloway-section-8Cr-ZMTku9W-nw-u6vtXWHY.300x300.jpg');
INSERT INTO public.podcasts (id, title, description, publisher, "itunesId", "genreIds", image) VALUES ('fd8e9a06d9ec4546a0f874ed2e6122bd', 'Kodsnack', 'Kodsnack är ett poddradioprogram på svenska om utveckling, kodknackande och allt som hör därtill. Kodsnack drivs av Kristoffer Grönlund, Fredrik Björeman och Tobias Hieta', 'Kristoffer, Fredrik, Tobias', '561631498', '127,128', 'https://cdn-images-1.listennotes.com/podcasts/kodsnack-kristoffer-fredrik-tobias-amanda-09FDfSMd2nc.300x300.jpg');
INSERT INTO public.podcasts (id, title, description, publisher, "itunesId", "genreIds", image) VALUES ('9620e8c26c18459db627d7b69049e3e3', '.NET Rocks!', '.NET Rocks! is an Internet Audio Talk Show for Microsoft .NET Developers.', 'Carl Franklin and Richard Campbell', '130068596', '127,128', 'https://cdn-images-1.listennotes.com/podcasts/net-rocks-carl-franklin-and-richard-campbell-etPv8HUdRFf.300x300.jpg');
INSERT INTO public.podcasts (id, title, description, publisher, "itunesId", "genreIds", image) VALUES ('eaff9f8618384403b334a53709b1fb4e', 'Elm Radio', 'Tune in to the tools and techniques in the Elm ecosystem.', 'Dillon Kearns, Jeroen Engels', '1506220473', '127', 'https://cdn-images-1.listennotes.com/podcasts/elm-radio-l4xT7I30MdA-IkF4X895vKB.300x300.jpg');
INSERT INTO public.podcasts (id, title, description, publisher, "itunesId", "genreIds", image) VALUES ('ef4f425d785343a4adc0fb99bc5d7314', 'Radio Astronomy', 'The monthly astronomy podcast from the makers of BBC Sky at Night Magazine', 'Immediate media', '683231712', '107,221,110', 'https://cdn-images-1.listennotes.com/podcasts/radio-astronomy-immediate-media-ABdECxvVn4L-6BAtZ0WdNVl.300x300.jpg');
INSERT INTO public.podcasts (id, title, description, publisher, "itunesId", "genreIds", image) VALUES ('ba0bde7b4ae244339b26534f61ea2973', 'Universe Today podcasts with Fraser Cain', 'The Guide to Space is a series of space and astronomy poddcasts by Fraser Cain, publisher of Universe Today
', 'Universe Today', '794058155', '107,110', 'https://cdn-images-1.listennotes.com/podcasts/universe-today-podcasts-with-fraser-cain-97xcTu2eZ-s.300x300.jpg');
INSERT INTO public.podcasts (id, title, description, publisher, "itunesId", "genreIds", image) VALUES ('3c0e8d208b6f494c94ae55da02596a03', 'Astronomy Cast', 'Take a fact-based journey through the cosmos. Tune in to hear weekly discussions on astronomical topics ranging from planets to cosmology. Hosted by Fraser Cain (Universe Today) and Dr. Pamela L. Gay ', 'Fraser Cain and Dr. Pamela Gay', '191636169', '110,107', 'https://cdn-images-1.listennotes.com/podcasts/astronomy-cast-fraser-cain-and-dr-pamela-gay-qa9Ge6vC8bx-gytBG93xlsc.300x300.jpg');
INSERT INTO public.podcasts (id, title, description, publisher, "itunesId", "genreIds", image) VALUES ('159a62f22174445080c74a2954b43da7', 'Daniel and Jorge Explain the Universe', '', 'iHeartRadio', '1436616330', '110,107', '');
INSERT INTO public.podcasts (id, title, description, publisher, "itunesId", "genreIds", image) VALUES ('261a97bf799543c6a190ec3056376c9b', 'Cloud Engineering – Software Engineering Daily', 'Episodes about building and scaling large software projects', 'Cloud Engineering – Software Engineering Daily', '1230806692', '127,128', 'https://cdn-images-1.listennotes.com/podcasts/cloud-engineering-software-engineering-lHmuRi-6dBO-o1RZJwtVSOn.300x300.jpg');
INSERT INTO public.episodes (id, "itunesId", "podcastId", title, description, "lengthSec", "pubDate") VALUES ('b039f711a6964381b0aa84940aeac71e', NULL, '173395544c20495384f7b8800cd945db', 'Jordan Peterson on True Crime', 'In the third episode in this series with Dr. Oz and Jordan Peterson, they discuss the growing fascination behind the true crime genre. Dr. Peterson breaks down the psyche of some of the most depraved ', 2791, '10/29/2019');
INSERT INTO public.episodes (id, "itunesId", "podcastId", title, description, "lengthSec", "pubDate") VALUES ('82d9cf96f5f1458ebf5d35f191c0c012', '1000383234793', 'be87cf0d680f4b9c8027957cabe31876', '124: The Tale of State and Behaviour, Part 2 with Scott Wlaschin', 'In this weeks show we follow on from our previous episode’s discussion with Scott Wlaschin.
We delve into separating out the client from the behaviour and state, initially highlighting the Batch Comma', 2174, '3/28/2017');
INSERT INTO public.episodes (id, "itunesId", "podcastId", title, description, "lengthSec", "pubDate") VALUES ('062e5022dbee4fb493b5cb37d7a78c9c', '1000471706900', '721f1a02bae24dd1a211b252ca15b729', 'Mike Sperber on Functional Architecture', 'Stefan Tilkov talks with Mike Sperber about Functional Architecture
Mike Sperber on Twitter
Purely Functional Data Structures by Chris Okasaki
"Lieber ein Typparameter zu viel als einer zu wenig" by ', 4054, '4/16/2020');
INSERT INTO public.episodes (id, "itunesId", "podcastId", title, description, "lengthSec", "pubDate") VALUES ('ab2ab6eba7344a8aab330d6aa5e84b05', '1000469481069', 'bf8563eceb8e4020934fbf803bf6dbab', 'Will Infinite Money Save the Economy', 'What central banks such as the Federal Reserve and federal governments are doing to counteract the negative impact of the pandemic related economic shutdown. What are the risks of this massive monetar', 1553, '3/25/2020');
INSERT INTO public.episodes (id, "itunesId", "podcastId", title, description, "lengthSec", "pubDate") VALUES ('c56e1f6226d34630a0ad1ce2dcb9ecbe', '1000479549642', '0a7e5ce176e24a3a9a5b29f2d968813d', 'Exploitation Economy', 'Scott discusses how the Tech Giants will see a snapback in their US advertising revenue, as well as how the disruption to higher education has already begun and why universities need to rethink their ', 2903, '6/25/2020');
INSERT INTO public.episodes (id, "itunesId", "podcastId", title, description, "lengthSec", "pubDate") VALUES ('eb48a0eb4e2c4f3b86ca1b1d7a6ac4d5', '1000421910694', 'fd8e9a06d9ec4546a0f874ed2e6122bd', 'Kodsnack 282 - Man skiljer på simple och easy', 'Fredrik snackar med P1xelher0 - eller Pontus som han heter utanför internet - om ett helt gäng saker. Som hur vägen går från Indesign till modern frontendutveckling? Vi pratar lite Angular av äldre mo', 3196, '10/16/2018');
INSERT INTO public.episodes (id, "itunesId", "podcastId", title, description, "lengthSec", "pubDate") VALUES ('3f2aa9b9a89a481798b92abe58dc66cc', '1000473099625', '9620e8c26c18459db627d7b69049e3e3', 'There is a Silver Bullet with Mark Seemann', 'Are there Silver Bullets in Development? Carl and Richard chat with Mark Seemann about the 1986 Fred Brooks essay No Silver Bullet. Mark argues that there are silver bullets - but do we notice them? T', 3540, '4/30/2020');
INSERT INTO public.episodes (id, "itunesId", "podcastId", title, description, "lengthSec", "pubDate") VALUES ('0febb655083f44a0b1eb832de18e6fd0', NULL, '159a62f22174445080c74a2954b43da7', 'What is a Neutrino?', 'Explaining the weirdest little particle ever found  Learn more about your ad-choices at https://news.iheart.com/podcast-advertisers', 2194, '12/6/2018');
INSERT INTO public.episodes (id, "itunesId", "podcastId", title, description, "lengthSec", "pubDate") VALUES ('4c4e7a38c0dc4d8384df96edc2f9c26b', NULL, '159a62f22174445080c74a2954b43da7', 'Can neutrinos explain why we have matter?', 'Daniel and Jorge explore how the new DUNE experiment could unravel secrets of neutrins... and the Universe!  Learn more about your ad-choices at https://news.iheart.com/podcast-advertisers', 3138, '7/16/2020');
INSERT INTO public.episodes (id, "itunesId", "podcastId", title, description, "lengthSec", "pubDate") VALUES ('aa80f1c8ca884bb7ba8c42f5394ebca0', '1000473837408', '159a62f22174445080c74a2954b43da7', 'How do LEDs work?', 'The Nobel-prize winning physics of.... reading lights.  Learn more about your ad-choices at https://news.iheart.com/podcast-advertisers', 3002, '5/7/2020');
INSERT INTO public.episodes (id, "itunesId", "podcastId", title, description, "lengthSec", "pubDate") VALUES ('bfe459090054497d837efd3c2516b7f1', '1000414111645', '261a97bf799543c6a190ec3056376c9b', 'Rust Networking with Carl Lerche', '
Rust is a systems programming language with a distinct set of features for safety and concurrency. In previous shows about Rust, we explored how Rust can prevent crashes and eliminate data races thro', 3217, '6/19/2018');
INSERT INTO public.my_episodes ("userId", "episodeId", status, tags, "addedDate") VALUES ('e5a6bfdf-5fe6-40f6-a6af-0774f8332b39', 'b039f711a6964381b0aa84940aeac71e', 'NotListened', '', '2020-03-01 20:38:52.466329+00');
INSERT INTO public.my_episodes ("userId", "episodeId", status, tags, "addedDate") VALUES ('e5a6bfdf-5fe6-40f6-a6af-0774f8332b39', '82d9cf96f5f1458ebf5d35f191c0c012', 'NotListened', '', '2020-06-21 10:26:36.273523+00');
INSERT INTO public.my_episodes ("userId", "episodeId", status, tags, "addedDate") VALUES ('e5a6bfdf-5fe6-40f6-a6af-0774f8332b39', '062e5022dbee4fb493b5cb37d7a78c9c', 'NotListened', '', '2020-06-21 10:26:43.176476+00');
INSERT INTO public.my_episodes ("userId", "episodeId", status, tags, "addedDate") VALUES ('e5a6bfdf-5fe6-40f6-a6af-0774f8332b39', 'c56e1f6226d34630a0ad1ce2dcb9ecbe', 'NotListened', '', '2020-06-25 22:17:18.096127+00');
INSERT INTO public.my_episodes ("userId", "episodeId", status, tags, "addedDate") VALUES ('e5a6bfdf-5fe6-40f6-a6af-0774f8332b39', 'eb48a0eb4e2c4f3b86ca1b1d7a6ac4d5', 'NotListened', '', '2020-06-25 22:20:43.189769+00');
INSERT INTO public.my_episodes ("userId", "episodeId", status, tags, "addedDate") VALUES ('e5a6bfdf-5fe6-40f6-a6af-0774f8332b39', '3f2aa9b9a89a481798b92abe58dc66cc', 'NotListened', '', '2020-06-30 07:38:33.940048+00');
INSERT INTO public.my_episodes ("userId", "episodeId", status, tags, "addedDate") VALUES ('e5a6bfdf-5fe6-40f6-a6af-0774f8332b39', '0febb655083f44a0b1eb832de18e6fd0', 'NotListened', '', '2020-08-23 15:54:41.099966+00');
INSERT INTO public.my_episodes ("userId", "episodeId", status, tags, "addedDate") VALUES ('e5a6bfdf-5fe6-40f6-a6af-0774f8332b39', '4c4e7a38c0dc4d8384df96edc2f9c26b', 'NotListened', '', '2020-08-23 15:55:22.786758+00');
INSERT INTO public.my_episodes ("userId", "episodeId", status, tags, "addedDate") VALUES ('e5a6bfdf-5fe6-40f6-a6af-0774f8332b39', 'aa80f1c8ca884bb7ba8c42f5394ebca0', 'NotListened', '', '2020-11-06 19:18:41.638297+00');
INSERT INTO public.my_podcasts ("userId", "podcastId", tags, "addedDate") VALUES ('e5a6bfdf-5fe6-40f6-a6af-0774f8332b39', '2bf3913bb6be49b68e44ed118705a6a2', '', '2020-03-01 20:38:57.110656+00');
INSERT INTO public.my_podcasts ("userId", "podcastId", tags, "addedDate") VALUES ('e5a6bfdf-5fe6-40f6-a6af-0774f8332b39', 'fd8e9a06d9ec4546a0f874ed2e6122bd', '', '2020-06-25 22:20:16.545444+00');
INSERT INTO public.my_podcasts ("userId", "podcastId", tags, "addedDate") VALUES ('e5a6bfdf-5fe6-40f6-a6af-0774f8332b39', '159a62f22174445080c74a2954b43da7', '', '2020-08-23 15:55:13.776391+00');
INSERT INTO public.my_podcasts ("userId", "podcastId", tags, "addedDate") VALUES ('e5a6bfdf-5fe6-40f6-a6af-0774f8332b39', 'eaff9f8618384403b334a53709b1fb4e', '', '2020-10-05 20:25:32.920982+00');
INSERT INTO public.my_podcasts ("userId", "podcastId", tags, "addedDate") VALUES ('e5a6bfdf-5fe6-40f6-a6af-0774f8332b39', 'ef4f425d785343a4adc0fb99bc5d7314', '', '2020-10-05 20:25:43.973914+00');
INSERT INTO public.my_podcasts ("userId", "podcastId", tags, "addedDate") VALUES ('e5a6bfdf-5fe6-40f6-a6af-0774f8332b39', 'ba0bde7b4ae244339b26534f61ea2973', '', '2020-10-11 19:35:00.819602+00');
INSERT INTO public.my_podcasts ("userId", "podcastId", tags, "addedDate") VALUES ('e5a6bfdf-5fe6-40f6-a6af-0774f8332b39', '3c0e8d208b6f494c94ae55da02596a03', '', '2020-10-11 19:35:04.787743+00');
